,0
0,https://www.jobkorea.co.kr/Recruit/Co_Read/C/21368538?Oem_Code=C1
1,https://www.jobkorea.co.kr/Recruit/Co_Read/C/44462797?Oem_Code=C1
2,https://www.jobkorea.co.kr/Recruit/Co_Read/C/5490?Oem_Code=C1
3,https://www.jobkorea.co.kr/Recruit/Co_Read/C/43299370?Oem_Code=C1
4,https://www.jobkorea.co.kr/Recruit/Co_Read/C/28954678?Oem_Code=C1
5,https://www.jobkorea.co.kr/Recruit/Co_Read/C/20489498?Oem_Code=C1
6,https://www.jobkorea.co.kr/Recruit/Co_Read/C/41745737?Oem_Code=C1
7,https://www.jobkorea.co.kr/Recruit/Co_Read/C/23673240?Oem_Code=C1
8,https://www.jobkorea.co.kr/Recruit/Co_Read/C/38621790?Oem_Code=C1
9,https://www.jobkorea.co.kr/Recruit/Co_Read/C/41867528?Oem_Code=C1
10,https://www.jobkorea.co.kr/Recruit/Co_Read/C/16390140?Oem_Code=C1
11,https://www.jobkorea.co.kr/Recruit/Co_Read/C/69809?Oem_Code=C1
12,https://www.jobkorea.co.kr/Recruit/Co_Read/C/44743370?Oem_Code=C1
13,https://www.jobkorea.co.kr/Recruit/Co_Read/C/24058088?Oem_Code=C1
14,https://www.jobkorea.co.kr/Recruit/Co_Read/C/24477195?Oem_Code=C1
15,https://www.jobkorea.co.kr/Recruit/Co_Read/C/21141371?Oem_Code=C1
16,https://www.jobkorea.co.kr/Recruit/Co_Read/C/199315?Oem_Code=C1
17,https://www.jobkorea.co.kr/Recruit/Co_Read/C/17061509?Oem_Code=C1
18,https://www.jobkorea.co.kr/Recruit/Co_Read/C/329610?Oem_Code=C1
19,https://www.jobkorea.co.kr/Recruit/Co_Read/C/20548?Oem_Code=C1
20,https://www.jobkorea.co.kr/Recruit/Co_Read/C/30912?Oem_Code=C1
21,https://www.jobkorea.co.kr/Recruit/Co_Read/C/38792215?Oem_Code=C1
22,https://www.jobkorea.co.kr/Recruit/Co_Read/C/10045?Oem_Code=C1
23,https://www.jobkorea.co.kr/Recruit/Co_Read/C/44278674?Oem_Code=C1
24,https://www.jobkorea.co.kr/Company/1650385/?C_IDX=733
25,https://www.jobkorea.co.kr/Recruit/Co_Read/C/13271?Oem_Code=C1
26,https://www.jobkorea.co.kr/Company/16153145/?C_IDX=8192
27,https://www.jobkorea.co.kr/Company/1463980/?C_IDX=1602
28,https://www.jobkorea.co.kr/Recruit/Co_Read/C/70235?Oem_Code=C1
29,https://www.jobkorea.co.kr/Recruit/Co_Read/C/33419266?Oem_Code=C1
30,https://www.jobkorea.co.kr/Recruit/Co_Read/C/12813138?Oem_Code=C1
31,https://www.jobkorea.co.kr/Recruit/Co_Read/C/36461178?Oem_Code=C1
32,https://www.jobkorea.co.kr/Recruit/Co_Read/C/12481554?Oem_Code=C1
33,https://www.jobkorea.co.kr/Company/1923590/?C_IDX=3238
34,https://www.jobkorea.co.kr/Recruit/Co_Read/C/39772861?Oem_Code=C1
35,https://www.jobkorea.co.kr/Recruit/Co_Read/C/13429030?Oem_Code=C1
36,https://www.jobkorea.co.kr/Recruit/Co_Read/C/44867225?Oem_Code=C1
37,https://www.jobkorea.co.kr/Recruit/Co_Read/C/12193910?Oem_Code=C1
38,https://www.jobkorea.co.kr/Company/16153914/?C_IDX=6110
39,https://www.jobkorea.co.kr/Recruit/Co_Read/C/31829793?Oem_Code=C1
40,https://www.jobkorea.co.kr/Recruit/Co_Read/C/25320182?Oem_Code=C1
41,https://www.jobkorea.co.kr/Recruit/Co_Read/C/64606?Oem_Code=C1
42,https://www.jobkorea.co.kr/Recruit/Co_Read/C/26903363?Oem_Code=C1
43,https://www.jobkorea.co.kr/Recruit/Co_Read/C/13142442?Oem_Code=C1
44,https://www.jobkorea.co.kr/Recruit/Co_Read/C/28756498?Oem_Code=C1
45,https://www.jobkorea.co.kr/Recruit/Co_Read/C/19339077?Oem_Code=C1
46,https://www.jobkorea.co.kr/Recruit/Co_Read/C/64427?Oem_Code=C1
47,https://www.jobkorea.co.kr/Recruit/Co_Read/C/32779017?Oem_Code=C1
48,https://www.jobkorea.co.kr/Company/1952509/?C_IDX=4204
49,https://www.jobkorea.co.kr/Recruit/Co_Read/C/25845092?Oem_Code=C1
50,https://www.jobkorea.co.kr/Recruit/Co_Read/C/44506990?Oem_Code=C1
51,https://www.jobkorea.co.kr/Recruit/Co_Read/C/32792103?Oem_Code=C1
52,https://www.jobkorea.co.kr/Recruit/Co_Read/C/22184954?Oem_Code=C1
53,https://www.jobkorea.co.kr/Recruit/Co_Read/C/25620?Oem_Code=C1
54,https://www.jobkorea.co.kr/Recruit/Co_Read/C/15424051?Oem_Code=C1
55,https://www.jobkorea.co.kr/Recruit/Co_Read/C/19712941?Oem_Code=C1
56,https://www.jobkorea.co.kr/Recruit/Co_Read/C/25500?Oem_Code=C1
57,https://www.jobkorea.co.kr/Recruit/Co_Read/C/43348020?Oem_Code=C1
58,https://www.jobkorea.co.kr/Recruit/Co_Read/C/23015604?Oem_Code=C1
59,https://www.jobkorea.co.kr/Company/1827408/?C_IDX=3543
60,https://www.jobkorea.co.kr/Recruit/Co_Read/C/40671430?Oem_Code=C1
61,https://www.jobkorea.co.kr/Recruit/Co_Read/C/15609728?Oem_Code=C1
62,https://www.jobkorea.co.kr/Recruit/Co_Read/C/504481?Oem_Code=C1
63,https://www.jobkorea.co.kr/Recruit/Co_Read/C/25979467?Oem_Code=C1
64,https://www.jobkorea.co.kr/Recruit/Co_Read/C/22843?Oem_Code=C1
65,https://www.jobkorea.co.kr/Recruit/Co_Read/C/17104930?Oem_Code=C1
66,https://www.jobkorea.co.kr/Recruit/Co_Read/C/17926?Oem_Code=C1
67,https://www.jobkorea.co.kr/Recruit/Co_Read/C/22305838?Oem_Code=C1
68,https://www.jobkorea.co.kr/Recruit/Co_Read/C/44659452?Oem_Code=C1
69,https://www.jobkorea.co.kr/Recruit/Co_Read/C/45218?Oem_Code=C1
70,https://www.jobkorea.co.kr/Recruit/Co_Read/C/35414458?Oem_Code=C1
71,https://www.jobkorea.co.kr/Recruit/Co_Read/C/34844325?Oem_Code=C1
72,https://www.jobkorea.co.kr/Recruit/Co_Read/C/13156461?Oem_Code=C1
73,https://www.jobkorea.co.kr/Recruit/Co_Read/C/34916696?Oem_Code=C1
74,https://www.jobkorea.co.kr/Recruit/Co_Read/C/27493?Oem_Code=C1
75,https://www.jobkorea.co.kr/Recruit/Co_Read/C/15072039?Oem_Code=C1
76,https://www.jobkorea.co.kr/Recruit/Co_Read/C/44473460?Oem_Code=C1
77,https://www.jobkorea.co.kr/Recruit/Co_Read/C/23345765?Oem_Code=C1
78,https://www.jobkorea.co.kr/Recruit/Co_Read/C/10375?Oem_Code=C1
79,https://www.jobkorea.co.kr/Recruit/Co_Read/C/16176816?Oem_Code=C1
80,https://www.jobkorea.co.kr/Recruit/Co_Read/C/34394?Oem_Code=C1
81,https://www.jobkorea.co.kr/Recruit/Co_Read/C/22574954?Oem_Code=C1
82,https://www.jobkorea.co.kr/Recruit/Co_Read/C/29515040?Oem_Code=C1
83,https://www.jobkorea.co.kr/Recruit/Co_Read/C/35265724?Oem_Code=C1
84,https://www.jobkorea.co.kr/Recruit/Co_Read/C/42150625?Oem_Code=C1
85,https://www.jobkorea.co.kr/Recruit/Co_Read/C/16602188?Oem_Code=C1
86,https://www.jobkorea.co.kr/Company/1432968/?C_IDX=2127
87,https://www.jobkorea.co.kr/Recruit/Co_Read/C/64149?Oem_Code=C1
88,https://www.jobkorea.co.kr/Recruit/Co_Read/C/1115577?Oem_Code=C1
89,https://www.jobkorea.co.kr/Recruit/Co_Read/C/42939983?Oem_Code=C1
90,https://www.jobkorea.co.kr/Recruit/Co_Read/C/32759462?Oem_Code=C1
91,https://www.jobkorea.co.kr/Recruit/Co_Read/C/107622?Oem_Code=C1
92,https://www.jobkorea.co.kr/Recruit/Co_Read/C/23437332?Oem_Code=C1
93,https://www.jobkorea.co.kr/Recruit/Co_Read/C/38583876?Oem_Code=C1
94,https://www.jobkorea.co.kr/Recruit/Co_Read/C/25766974?Oem_Code=C1
95,https://www.jobkorea.co.kr/Recruit/Co_Read/C/21282856?Oem_Code=C1
96,https://www.jobkorea.co.kr/Recruit/Co_Read/C/18734725?Oem_Code=C1
97,https://www.jobkorea.co.kr/Recruit/Co_Read/C/27516152?Oem_Code=C1
98,https://www.jobkorea.co.kr/Recruit/Co_Read/C/17827146?Oem_Code=C1
99,https://www.jobkorea.co.kr/Company/33759434/?C_IDX=9291
100,https://www.jobkorea.co.kr/Recruit/Co_Read/C/33183712?Oem_Code=C1
101,https://www.jobkorea.co.kr/Recruit/Co_Read/C/477214?Oem_Code=C1
102,https://www.jobkorea.co.kr/Recruit/Co_Read/C/12459327?Oem_Code=C1
103,https://www.jobkorea.co.kr/Recruit/Co_Read/C/26633650?Oem_Code=C1
104,https://www.jobkorea.co.kr/Recruit/Co_Read/C/19930505?Oem_Code=C1
105,https://www.jobkorea.co.kr/Recruit/Co_Read/C/40849635?Oem_Code=C1
106,https://www.jobkorea.co.kr/Recruit/Co_Read/C/29633904?Oem_Code=C1
107,https://www.jobkorea.co.kr/Recruit/Co_Read/C/38248691?Oem_Code=C1
108,https://www.jobkorea.co.kr/Recruit/Co_Read/C/16617250?Oem_Code=C1
109,https://www.jobkorea.co.kr/Recruit/Co_Read/C/140136?Oem_Code=C1
110,https://www.jobkorea.co.kr/Recruit/Co_Read/C/303522?Oem_Code=C1
111,https://www.jobkorea.co.kr/Recruit/Co_Read/C/162891?Oem_Code=C1
112,https://www.jobkorea.co.kr/Recruit/Co_Read/C/16739822?Oem_Code=C1
113,https://www.jobkorea.co.kr/Recruit/Co_Read/C/11507?Oem_Code=C1
114,https://www.jobkorea.co.kr/Recruit/Co_Read/C/17638?Oem_Code=C1
115,https://www.jobkorea.co.kr/Company/1617458/?C_IDX=3638
116,https://www.jobkorea.co.kr/Recruit/Co_Read/C/49116?Oem_Code=C1
117,https://www.jobkorea.co.kr/Recruit/Co_Read/C/12769363?Oem_Code=C1
118,https://www.jobkorea.co.kr/Recruit/Co_Read/C/31075270?Oem_Code=C1
119,https://www.jobkorea.co.kr/Recruit/Co_Read/C/11870151?Oem_Code=C1
120,https://www.jobkorea.co.kr/Recruit/Co_Read/C/34721?Oem_Code=C1
121,https://www.jobkorea.co.kr/Recruit/Co_Read/C/27690?Oem_Code=C1
122,https://www.jobkorea.co.kr/Company/49294752/?C_IDX=10253
123,https://www.jobkorea.co.kr/Recruit/Co_Read/C/30295733?Oem_Code=C1
124,https://www.jobkorea.co.kr/Recruit/Co_Read/C/16439718?Oem_Code=C1
125,https://www.jobkorea.co.kr/Recruit/Co_Read/C/12308160?Oem_Code=C1
126,https://www.jobkorea.co.kr/Recruit/Co_Read/C/94522?Oem_Code=C1
127,https://www.jobkorea.co.kr/Recruit/Co_Read/C/38847544?Oem_Code=C1
128,https://www.jobkorea.co.kr/Recruit/Co_Read/C/35232665?Oem_Code=C1
129,https://www.jobkorea.co.kr/Recruit/Co_Read/C/10258?Oem_Code=C1
130,https://www.jobkorea.co.kr/Recruit/Co_Read/C/22048372?Oem_Code=C1
131,https://www.jobkorea.co.kr/Recruit/Co_Read/C/159881?Oem_Code=C1
132,https://www.jobkorea.co.kr/Recruit/Co_Read/C/18024403?Oem_Code=C1
133,https://www.jobkorea.co.kr/Recruit/Co_Read/C/23588451?Oem_Code=C1
134,https://www.jobkorea.co.kr/Recruit/Co_Read/C/26315?Oem_Code=C1
135,https://www.jobkorea.co.kr/Company/16154644/?C_IDX=9226
136,https://www.jobkorea.co.kr/Company/1915672/?C_IDX=3362
137,https://www.jobkorea.co.kr/Recruit/Co_Read/C/22129696?Oem_Code=C1
138,https://www.jobkorea.co.kr/Company/1735131/?C_IDX=3630
139,https://www.jobkorea.co.kr/Recruit/Co_Read/C/27015666?Oem_Code=C1
140,https://www.jobkorea.co.kr/Recruit/Co_Read/C/17847695?Oem_Code=C1
141,https://www.jobkorea.co.kr/Recruit/Co_Read/C/38036?Oem_Code=C1
142,https://www.jobkorea.co.kr/Recruit/Co_Read/C/24263082?Oem_Code=C1
143,https://www.jobkorea.co.kr/Company/1625462/?C_IDX=2903
144,https://www.jobkorea.co.kr/Recruit/Co_Read/C/31367742?Oem_Code=C1
145,https://www.jobkorea.co.kr/Recruit/Co_Read/C/20597623?Oem_Code=C1
146,https://www.jobkorea.co.kr/Recruit/Co_Read/C/15902250?Oem_Code=C1
147,https://www.jobkorea.co.kr/Recruit/Co_Read/C/25325?Oem_Code=C1
148,https://www.jobkorea.co.kr/Recruit/Co_Read/C/16558875?Oem_Code=C1
149,https://www.jobkorea.co.kr/Recruit/Co_Read/C/30796561?Oem_Code=C1
150,https://www.jobkorea.co.kr/Company/1379255/?C_IDX=2246
151,https://www.jobkorea.co.kr/Company/16154114/?C_IDX=8696
152,https://www.jobkorea.co.kr/Recruit/Co_Read/C/100495?Oem_Code=C1
153,https://www.jobkorea.co.kr/Recruit/Co_Read/C/156890?Oem_Code=C1
154,https://www.jobkorea.co.kr/Recruit/Co_Read/C/34781770?Oem_Code=C1
155,https://www.jobkorea.co.kr/Recruit/Co_Read/C/41717018?Oem_Code=C1
156,https://www.jobkorea.co.kr/Recruit/Co_Read/C/19097?Oem_Code=C1
157,https://www.jobkorea.co.kr/Recruit/Co_Read/C/36861703?Oem_Code=C1
158,https://www.jobkorea.co.kr/Recruit/Co_Read/C/464284?Oem_Code=C1
159,https://www.jobkorea.co.kr/Recruit/Co_Read/C/44318837?Oem_Code=C1
160,https://www.jobkorea.co.kr/Recruit/Co_Read/C/21027405?Oem_Code=C1
161,https://www.jobkorea.co.kr/Recruit/Co_Read/C/31815?Oem_Code=C1
162,https://www.jobkorea.co.kr/Recruit/Co_Read/C/36889232?Oem_Code=C1
163,https://www.jobkorea.co.kr/Recruit/Co_Read/C/28967400?Oem_Code=C1
164,https://www.jobkorea.co.kr/Recruit/Co_Read/C/384544?Oem_Code=C1
165,https://www.jobkorea.co.kr/Recruit/Co_Read/C/34251862?Oem_Code=C1
166,https://www.jobkorea.co.kr/Recruit/Co_Read/C/178381?Oem_Code=C1
167,https://www.jobkorea.co.kr/Recruit/Co_Read/C/163504?Oem_Code=C1
168,https://www.jobkorea.co.kr/Recruit/Co_Read/C/16324903?Oem_Code=C1
169,https://www.jobkorea.co.kr/Recruit/Co_Read/C/13304321?Oem_Code=C1
170,https://www.jobkorea.co.kr/Recruit/Co_Read/C/37123966?Oem_Code=C1
171,https://www.jobkorea.co.kr/Recruit/Co_Read/C/44964117?Oem_Code=C1
172,https://www.jobkorea.co.kr/Recruit/Co_Read/C/33368581?Oem_Code=C1
173,https://www.jobkorea.co.kr/Recruit/Co_Read/C/16346800?Oem_Code=C1
174,https://www.jobkorea.co.kr/Recruit/Co_Read/C/42818667?Oem_Code=C1
175,https://www.jobkorea.co.kr/Recruit/Co_Read/C/21681007?Oem_Code=C1
176,https://www.jobkorea.co.kr/Recruit/Co_Read/C/37589625?Oem_Code=C1
177,https://www.jobkorea.co.kr/Recruit/Co_Read/C/24350?Oem_Code=C1
178,https://www.jobkorea.co.kr/Recruit/Co_Read/C/30992776?Oem_Code=C1
179,https://www.jobkorea.co.kr/Recruit/Co_Read/C/40546811?Oem_Code=C1
180,https://www.jobkorea.co.kr/Recruit/Co_Read/C/22702287?Oem_Code=C1
181,https://www.jobkorea.co.kr/Recruit/Co_Read/C/31386864?Oem_Code=C1
182,https://www.jobkorea.co.kr/Recruit/Co_Read/C/34085760?Oem_Code=C1
183,https://www.jobkorea.co.kr/Recruit/Co_Read/C/101395?Oem_Code=C1
184,https://www.jobkorea.co.kr/Recruit/Co_Read/C/38343770?Oem_Code=C1
185,https://www.jobkorea.co.kr/Recruit/Co_Read/C/19495903?Oem_Code=C1
186,https://www.jobkorea.co.kr/Recruit/Co_Read/C/44494737?Oem_Code=C1
187,https://www.jobkorea.co.kr/Recruit/Co_Read/C/40746463?Oem_Code=C1
188,https://www.jobkorea.co.kr/Recruit/Co_Read/C/16087094?Oem_Code=C1
189,https://www.jobkorea.co.kr/Recruit/Co_Read/C/32221387?Oem_Code=C1
190,https://www.jobkorea.co.kr/Recruit/Co_Read/C/18888534?Oem_Code=C1
191,https://www.jobkorea.co.kr/Recruit/Co_Read/C/43724129?Oem_Code=C1
192,https://www.jobkorea.co.kr/Recruit/Co_Read/C/19366732?Oem_Code=C1
193,https://www.jobkorea.co.kr/Recruit/Co_Read/C/44343523?Oem_Code=C1
194,https://www.jobkorea.co.kr/Company/1607976/?C_IDX=3793
195,https://www.jobkorea.co.kr/Recruit/Co_Read/C/2895?Oem_Code=C1
196,https://www.jobkorea.co.kr/Recruit/Co_Read/C/25322031?Oem_Code=C1
197,https://www.jobkorea.co.kr/Recruit/Co_Read/C/19092322?Oem_Code=C1
198,https://www.jobkorea.co.kr/Recruit/Co_Read/C/34855711?Oem_Code=C1
199,https://www.jobkorea.co.kr/Company/1573964/?C_IDX=5920
200,https://www.jobkorea.co.kr/Recruit/Co_Read/C/33965061?Oem_Code=C1
201,https://www.jobkorea.co.kr/Recruit/Co_Read/C/63902?Oem_Code=C1
202,https://www.jobkorea.co.kr/Recruit/Co_Read/C/27199988?Oem_Code=C1
203,https://www.jobkorea.co.kr/Recruit/Co_Read/C/44751656?Oem_Code=C1
204,https://www.jobkorea.co.kr/Recruit/Co_Read/C/13578?Oem_Code=C1
205,https://www.jobkorea.co.kr/Recruit/Co_Read/C/23959157?Oem_Code=C1
206,https://www.jobkorea.co.kr/Recruit/Co_Read/C/22527772?Oem_Code=C1
207,https://www.jobkorea.co.kr/Recruit/Co_Read/C/15526451?Oem_Code=C1
208,https://www.jobkorea.co.kr/Recruit/Co_Read/C/320610?Oem_Code=C1
209,https://www.jobkorea.co.kr/Recruit/Co_Read/C/39852584?Oem_Code=C1
210,https://www.jobkorea.co.kr/Recruit/Co_Read/C/26385280?Oem_Code=C1
211,https://www.jobkorea.co.kr/Recruit/Co_Read/C/43776975?Oem_Code=C1
212,https://www.jobkorea.co.kr/Recruit/Co_Read/C/32916?Oem_Code=C1
213,https://www.jobkorea.co.kr/Recruit/Co_Read/C/14531?Oem_Code=C1
214,https://www.jobkorea.co.kr/Recruit/Co_Read/C/16065789?Oem_Code=C1
215,https://www.jobkorea.co.kr/Company/42418177/?C_IDX=9884
216,https://www.jobkorea.co.kr/Company/16154339/?C_IDX=8921
217,https://www.jobkorea.co.kr/Recruit/Co_Read/C/17010734?Oem_Code=C1
218,https://www.jobkorea.co.kr/Recruit/Co_Read/C/13811868?Oem_Code=C1
219,https://www.jobkorea.co.kr/Recruit/Co_Read/C/35625857?Oem_Code=C1
220,https://www.jobkorea.co.kr/Recruit/Co_Read/C/11333?Oem_Code=C1
221,https://www.jobkorea.co.kr/Recruit/Co_Read/C/20087597?Oem_Code=C1
222,https://www.jobkorea.co.kr/Recruit/Co_Read/C/39982758?Oem_Code=C1
223,https://www.jobkorea.co.kr/Recruit/Co_Read/C/43308429?Oem_Code=C1
224,https://www.jobkorea.co.kr/Recruit/Co_Read/C/36642680?Oem_Code=C1
225,https://www.jobkorea.co.kr/Recruit/Co_Read/C/41303105?Oem_Code=C1
226,https://www.jobkorea.co.kr/Recruit/Co_Read/C/257644?Oem_Code=C1
227,https://www.jobkorea.co.kr/Recruit/Co_Read/C/27376827?Oem_Code=C1
228,https://www.jobkorea.co.kr/Recruit/Co_Read/C/12138355?Oem_Code=C1
229,https://www.jobkorea.co.kr/Recruit/Co_Read/C/21802593?Oem_Code=C1
230,https://www.jobkorea.co.kr/Company/42903381/?C_IDX=9490
231,https://www.jobkorea.co.kr/Recruit/Co_Read/C/17625?Oem_Code=C1
232,https://www.jobkorea.co.kr/Recruit/Co_Read/C/18940529?Oem_Code=C1
233,https://www.jobkorea.co.kr/Company/1647316/?C_IDX=1761
234,https://www.jobkorea.co.kr/Recruit/Co_Read/C/17125241?Oem_Code=C1
235,https://www.jobkorea.co.kr/Recruit/Co_Read/C/23771608?Oem_Code=C1
236,https://www.jobkorea.co.kr/Company/1732932/?C_IDX=2130
237,https://www.jobkorea.co.kr/Recruit/Co_Read/C/19663?Oem_Code=C1
238,https://www.jobkorea.co.kr/Recruit/Co_Read/C/15975484?Oem_Code=C1
239,https://www.jobkorea.co.kr/Recruit/Co_Read/C/12742763?Oem_Code=C1
240,https://www.jobkorea.co.kr/Recruit/Co_Read/C/14906?Oem_Code=C1
241,https://www.jobkorea.co.kr/Recruit/Co_Read/C/44626127?Oem_Code=C1
242,https://www.jobkorea.co.kr/Recruit/Co_Read/C/23070308?Oem_Code=C1
243,https://www.jobkorea.co.kr/Recruit/Co_Read/C/18635123?Oem_Code=C1
244,https://www.jobkorea.co.kr/Recruit/Co_Read/C/38676800?Oem_Code=C1
245,https://www.jobkorea.co.kr/Recruit/Co_Read/C/20968464?Oem_Code=C1
246,https://www.jobkorea.co.kr/Recruit/Co_Read/C/44561313?Oem_Code=C1
247,https://www.jobkorea.co.kr/Recruit/Co_Read/C/63575?Oem_Code=C1
248,https://www.jobkorea.co.kr/Company/16152876/?C_IDX=7915
249,https://www.jobkorea.co.kr/Recruit/Co_Read/C/44596809?Oem_Code=C1
250,https://www.jobkorea.co.kr/Recruit/Co_Read/C/39873655?Oem_Code=C1
251,https://www.jobkorea.co.kr/Recruit/Co_Read/C/21871054?Oem_Code=C1
252,https://www.jobkorea.co.kr/Company/1945934/?C_IDX=1440
253,https://www.jobkorea.co.kr/Recruit/Co_Read/C/13898571?Oem_Code=C1
254,https://www.jobkorea.co.kr/Recruit/Co_Read/C/17157731?Oem_Code=C1
255,https://www.jobkorea.co.kr/Recruit/Co_Read/C/1084?Oem_Code=C1
256,https://www.jobkorea.co.kr/Recruit/Co_Read/C/27363056?Oem_Code=C1
257,https://www.jobkorea.co.kr/Recruit/Co_Read/C/37235913?Oem_Code=C1
258,https://www.jobkorea.co.kr/Recruit/Co_Read/C/39400448?Oem_Code=C1
259,https://www.jobkorea.co.kr/Recruit/Co_Read/C/257338?Oem_Code=C1
260,https://www.jobkorea.co.kr/Recruit/Co_Read/C/25578464?Oem_Code=C1
261,https://www.jobkorea.co.kr/Recruit/Co_Read/C/32422350?Oem_Code=C1
262,https://www.jobkorea.co.kr/Company/1540444/?C_IDX=5573
263,https://www.jobkorea.co.kr/Recruit/Co_Read/C/21858255?Oem_Code=C1
264,https://www.jobkorea.co.kr/Recruit/Co_Read/C/20761276?Oem_Code=C1
265,https://www.jobkorea.co.kr/Recruit/Co_Read/C/32404160?Oem_Code=C1
266,https://www.jobkorea.co.kr/Recruit/Co_Read/C/24482585?Oem_Code=C1
267,https://www.jobkorea.co.kr/Recruit/Co_Read/C/30794215?Oem_Code=C1
268,https://www.jobkorea.co.kr/Company/1763114/?C_IDX=4503
269,https://www.jobkorea.co.kr/Recruit/Co_Read/C/28070652?Oem_Code=C1
270,https://www.jobkorea.co.kr/Recruit/Co_Read/C/13350816?Oem_Code=C1
271,https://www.jobkorea.co.kr/Recruit/Co_Read/C/44854037?Oem_Code=C1
272,https://www.jobkorea.co.kr/Recruit/Co_Read/C/25407994?Oem_Code=C1
273,https://www.jobkorea.co.kr/Recruit/Co_Read/C/33198309?Oem_Code=C1
274,https://www.jobkorea.co.kr/Recruit/Co_Read/C/22496083?Oem_Code=C1
275,https://www.jobkorea.co.kr/Recruit/Co_Read/C/41221950?Oem_Code=C1
276,https://www.jobkorea.co.kr/Recruit/Co_Read/C/42322827?Oem_Code=C1
277,https://www.jobkorea.co.kr/Recruit/Co_Read/C/27803864?Oem_Code=C1
278,https://www.jobkorea.co.kr/Recruit/Co_Read/C/13585340?Oem_Code=C1
279,https://www.jobkorea.co.kr/Company/42875787/?C_IDX=10021
280,https://www.jobkorea.co.kr/Recruit/Co_Read/C/27688408?Oem_Code=C1
281,https://www.jobkorea.co.kr/Recruit/Co_Read/C/17539244?Oem_Code=C1
282,https://www.jobkorea.co.kr/Recruit/Co_Read/C/18304685?Oem_Code=C1
283,https://www.jobkorea.co.kr/Recruit/Co_Read/C/18922610?Oem_Code=C1
284,https://www.jobkorea.co.kr/Recruit/Co_Read/C/15936404?Oem_Code=C1
285,https://www.jobkorea.co.kr/Recruit/Co_Read/C/42336724?Oem_Code=C1
286,https://www.jobkorea.co.kr/Recruit/Co_Read/C/61563?Oem_Code=C1
287,https://www.jobkorea.co.kr/Recruit/Co_Read/C/38428083?Oem_Code=C1
288,https://www.jobkorea.co.kr/Recruit/Co_Read/C/11891?Oem_Code=C1
289,https://www.jobkorea.co.kr/Recruit/Co_Read/C/27222209?Oem_Code=C1
290,https://www.jobkorea.co.kr/Recruit/Co_Read/C/213741?Oem_Code=C1
291,https://www.jobkorea.co.kr/Recruit/Co_Read/C/15848461?Oem_Code=C1
292,https://www.jobkorea.co.kr/Recruit/Co_Read/C/16648983?Oem_Code=C1
293,https://www.jobkorea.co.kr/Recruit/Co_Read/C/37156059?Oem_Code=C1
294,https://www.jobkorea.co.kr/Recruit/Co_Read/C/13784963?Oem_Code=C1
295,https://www.jobkorea.co.kr/Recruit/Co_Read/C/227629?Oem_Code=C1
296,https://www.jobkorea.co.kr/Recruit/Co_Read/C/37939639?Oem_Code=C1
297,https://www.jobkorea.co.kr/Recruit/Co_Read/C/24439910?Oem_Code=C1
298,https://www.jobkorea.co.kr/Recruit/Co_Read/C/15766522?Oem_Code=C1
299,https://www.jobkorea.co.kr/Recruit/Co_Read/C/41489143?Oem_Code=C1
300,https://www.jobkorea.co.kr/Recruit/Co_Read/C/35677529?Oem_Code=C1
301,https://www.jobkorea.co.kr/Recruit/Co_Read/C/34453220?Oem_Code=C1
302,https://www.jobkorea.co.kr/Recruit/Co_Read/C/79301?Oem_Code=C1
303,https://www.jobkorea.co.kr/Company/1822530/?C_IDX=2172
304,https://www.jobkorea.co.kr/Recruit/Co_Read/C/20266271?Oem_Code=C1
305,https://www.jobkorea.co.kr/Recruit/Co_Read/C/13197974?Oem_Code=C1
306,https://www.jobkorea.co.kr/Company/1618724/?C_IDX=4301
307,https://www.jobkorea.co.kr/Company/1356259/?C_IDX=3290
308,https://www.jobkorea.co.kr/Recruit/Co_Read/C/12958106?Oem_Code=C1
309,https://www.jobkorea.co.kr/Recruit/Co_Read/C/17766?Oem_Code=C1
310,https://www.jobkorea.co.kr/Recruit/Co_Read/C/43026261?Oem_Code=C1
311,https://www.jobkorea.co.kr/Company/16153087/?C_IDX=8132
312,https://www.jobkorea.co.kr/Recruit/Co_Read/C/82332?Oem_Code=C1
313,https://www.jobkorea.co.kr/Recruit/Co_Read/C/217376?Oem_Code=C1
314,https://www.jobkorea.co.kr/Company/1676262/?C_IDX=1611
315,https://www.jobkorea.co.kr/Recruit/Co_Read/C/35322897?Oem_Code=C1
316,https://www.jobkorea.co.kr/Recruit/Co_Read/C/38995138?Oem_Code=C1
317,https://www.jobkorea.co.kr/Recruit/Co_Read/C/3853?Oem_Code=C1
318,https://www.jobkorea.co.kr/Recruit/Co_Read/C/37847444?Oem_Code=C1
319,https://www.jobkorea.co.kr/Recruit/Co_Read/C/30406783?Oem_Code=C1
320,https://www.jobkorea.co.kr/Recruit/Co_Read/C/18066756?Oem_Code=C1
321,https://www.jobkorea.co.kr/Recruit/Co_Read/C/36893691?Oem_Code=C1
322,https://www.jobkorea.co.kr/Recruit/Co_Read/C/17269350?Oem_Code=C1
323,https://www.jobkorea.co.kr/Recruit/Co_Read/C/27614501?Oem_Code=C1
324,https://www.jobkorea.co.kr/Recruit/Co_Read/C/12163749?Oem_Code=C1
325,https://www.jobkorea.co.kr/Recruit/Co_Read/C/36115793?Oem_Code=C1
326,https://www.jobkorea.co.kr/Recruit/Co_Read/C/36729667?Oem_Code=C1
327,https://www.jobkorea.co.kr/Recruit/Co_Read/C/32432?Oem_Code=C1
328,https://www.jobkorea.co.kr/Recruit/Co_Read/C/34750770?Oem_Code=C1
329,https://www.jobkorea.co.kr/Recruit/Co_Read/C/37273934?Oem_Code=C1
330,https://www.jobkorea.co.kr/Recruit/Co_Read/C/18866871?Oem_Code=C1
331,https://www.jobkorea.co.kr/Recruit/Co_Read/C/15899835?Oem_Code=C1
332,https://www.jobkorea.co.kr/Recruit/Co_Read/C/42202764?Oem_Code=C1
333,https://www.jobkorea.co.kr/Recruit/Co_Read/C/64880?Oem_Code=C1
334,https://www.jobkorea.co.kr/Recruit/Co_Read/C/18817125?Oem_Code=C1
335,https://www.jobkorea.co.kr/Recruit/Co_Read/C/29037?Oem_Code=C1
336,https://www.jobkorea.co.kr/Recruit/Co_Read/C/12552814?Oem_Code=C1
337,https://www.jobkorea.co.kr/Recruit/Co_Read/C/14637?Oem_Code=C1
338,https://www.jobkorea.co.kr/Recruit/Co_Read/C/12627257?Oem_Code=C1
339,https://www.jobkorea.co.kr/Recruit/Co_Read/C/26126508?Oem_Code=C1
340,https://www.jobkorea.co.kr/Recruit/Co_Read/C/40176793?Oem_Code=C1
341,https://www.jobkorea.co.kr/Recruit/Co_Read/C/38147814?Oem_Code=C1
342,https://www.jobkorea.co.kr/Recruit/Co_Read/C/24183?Oem_Code=C1
343,https://www.jobkorea.co.kr/Recruit/Co_Read/C/26428762?Oem_Code=C1
344,https://www.jobkorea.co.kr/Recruit/Co_Read/C/19305769?Oem_Code=C1
345,https://www.jobkorea.co.kr/Recruit/Co_Read/C/33944218?Oem_Code=C1
346,https://www.jobkorea.co.kr/Recruit/Co_Read/C/36178999?Oem_Code=C1
347,https://www.jobkorea.co.kr/Company/1507586/?C_IDX=4258
348,https://www.jobkorea.co.kr/Recruit/Co_Read/C/31106135?Oem_Code=C1
349,https://www.jobkorea.co.kr/Recruit/Co_Read/C/21935237?Oem_Code=C1
350,https://www.jobkorea.co.kr/Recruit/Co_Read/C/29128431?Oem_Code=C1
351,https://www.jobkorea.co.kr/Recruit/Co_Read/C/33969120?Oem_Code=C1
352,https://www.jobkorea.co.kr/Company/1341121/?C_IDX=2294
353,https://www.jobkorea.co.kr/Recruit/Co_Read/C/39528024?Oem_Code=C1
354,https://www.jobkorea.co.kr/Recruit/Co_Read/C/30327208?Oem_Code=C1
355,https://www.jobkorea.co.kr/Recruit/Co_Read/C/11847762?Oem_Code=C1
356,https://www.jobkorea.co.kr/Recruit/Co_Read/C/33970342?Oem_Code=C1
357,https://www.jobkorea.co.kr/Recruit/Co_Read/C/31222619?Oem_Code=C1
358,https://www.jobkorea.co.kr/Recruit/Co_Read/C/20420729?Oem_Code=C1
359,https://www.jobkorea.co.kr/Recruit/Co_Read/C/16439144?Oem_Code=C1
360,https://www.jobkorea.co.kr/Recruit/Co_Read/C/16126167?Oem_Code=C1
361,https://www.jobkorea.co.kr/Company/1507311/?C_IDX=2041
362,https://www.jobkorea.co.kr/Recruit/Co_Read/C/50134?Oem_Code=C1
363,https://www.jobkorea.co.kr/Recruit/Co_Read/C/37620202?Oem_Code=C1
364,https://www.jobkorea.co.kr/Recruit/Co_Read/C/144110?Oem_Code=C1
365,https://www.jobkorea.co.kr/Recruit/Co_Read/C/43925080?Oem_Code=C1
366,https://www.jobkorea.co.kr/Recruit/Co_Read/C/21009885?Oem_Code=C1
367,https://www.jobkorea.co.kr/Recruit/Co_Read/C/26614725?Oem_Code=C1
368,https://www.jobkorea.co.kr/Recruit/Co_Read/C/24032340?Oem_Code=C1
369,https://www.jobkorea.co.kr/Recruit/Co_Read/C/28743676?Oem_Code=C1
370,https://www.jobkorea.co.kr/Recruit/Co_Read/C/37237267?Oem_Code=C1
371,https://www.jobkorea.co.kr/Company/1810853/?C_IDX=2415
372,https://www.jobkorea.co.kr/Recruit/Co_Read/C/37584717?Oem_Code=C1
373,https://www.jobkorea.co.kr/Recruit/Co_Read/C/23702?Oem_Code=C1
374,https://www.jobkorea.co.kr/Recruit/Co_Read/C/33028083?Oem_Code=C1
375,https://www.jobkorea.co.kr/Recruit/Co_Read/C/37084174?Oem_Code=C1
376,https://www.jobkorea.co.kr/Recruit/Co_Read/C/42643086?Oem_Code=C1
377,https://www.jobkorea.co.kr/Recruit/Co_Read/C/25785635?Oem_Code=C1
378,https://www.jobkorea.co.kr/Recruit/Co_Read/C/23723933?Oem_Code=C1
379,https://www.jobkorea.co.kr/Recruit/Co_Read/C/13352283?Oem_Code=C1
380,https://www.jobkorea.co.kr/Recruit/Co_Read/C/11903021?Oem_Code=C1
381,https://www.jobkorea.co.kr/Company/46661113/?C_IDX=9418
382,https://www.jobkorea.co.kr/Recruit/Co_Read/C/31111890?Oem_Code=C1
383,https://www.jobkorea.co.kr/Recruit/Co_Read/C/36307518?Oem_Code=C1
384,https://www.jobkorea.co.kr/Company/1893462/?C_IDX=1935
385,https://www.jobkorea.co.kr/Recruit/Co_Read/C/67534?Oem_Code=C1
386,https://www.jobkorea.co.kr/Recruit/Co_Read/C/35666243?Oem_Code=C1
387,https://www.jobkorea.co.kr/Company/1399059/?C_IDX=2240
388,https://www.jobkorea.co.kr/Recruit/Co_Read/C/44175946?Oem_Code=C1
389,https://www.jobkorea.co.kr/Recruit/Co_Read/C/18157907?Oem_Code=C1
390,https://www.jobkorea.co.kr/Recruit/Co_Read/C/24653648?Oem_Code=C1
391,https://www.jobkorea.co.kr/Recruit/Co_Read/C/40445795?Oem_Code=C1
392,https://www.jobkorea.co.kr/Recruit/Co_Read/C/14041?Oem_Code=C1
393,https://www.jobkorea.co.kr/Recruit/Co_Read/C/37132899?Oem_Code=C1
394,https://www.jobkorea.co.kr/Recruit/Co_Read/C/41634112?Oem_Code=C1
395,https://www.jobkorea.co.kr/Recruit/Co_Read/C/23495182?Oem_Code=C1
396,https://www.jobkorea.co.kr/Company/42807070/?C_IDX=10137
397,https://www.jobkorea.co.kr/Recruit/Co_Read/C/35718911?Oem_Code=C1
398,https://www.jobkorea.co.kr/Recruit/Co_Read/C/14767?Oem_Code=C1
399,https://www.jobkorea.co.kr/Recruit/Co_Read/C/28216143?Oem_Code=C1
400,https://www.jobkorea.co.kr/Recruit/Co_Read/C/35110056?Oem_Code=C1
401,https://www.jobkorea.co.kr/Recruit/Co_Read/C/358692?Oem_Code=C1
402,https://www.jobkorea.co.kr/Recruit/Co_Read/C/42768940?Oem_Code=C1
403,https://www.jobkorea.co.kr/Recruit/Co_Read/C/13107606?Oem_Code=C1
404,https://www.jobkorea.co.kr/Recruit/Co_Read/C/109349?Oem_Code=C1
405,https://www.jobkorea.co.kr/Recruit/Co_Read/C/21179042?Oem_Code=C1
406,https://www.jobkorea.co.kr/Recruit/Co_Read/C/35321010?Oem_Code=C1
407,https://www.jobkorea.co.kr/Recruit/Co_Read/C/38467054?Oem_Code=C1
408,https://www.jobkorea.co.kr/Recruit/Co_Read/C/43908664?Oem_Code=C1
