"Date","comment"
"2024-10-25",댓글입니당
"2024-10-25",댓글 입니당 
"2024-10-25",금은 진짜 모르겠당 ~~ 
"2024-10-25",아이고야..
"2024-10-25",오~~
"2024-10-25",wow!!
"2024-10-25",ㅁㅇㄻㄴ
"2024-10-25",ㅇㄻ
"2024-10-25",ㅇㄻ
"2024-10-25",ㅇㄻ
"2024-10-25",ㅠㅠ 댓글창 왜 안뜨지 ??
"2024-10-25",""
"2024-10-25",""
"2024-10-25",ㅇㅇ
"2024-10-25",<Gold_Comment 2024-10-25>
"2024-10-25",ㅇㅇ
"2024-10-25",ㅇㅇ
"2024-10-25",""
"2024-10-25",""
"2024-10-25",""
"2024-10-25",""
"2024-10-25",""
"2024-10-25",ㅇㄹ
"2024-10-25",ㅇㄹ
"2024-10-25",ㅇㄹ
"2024-10-25",""
"2024-10-25",""
"2024-10-25",""
"2024-10-25",""
"2024-10-25",ㅇㄻ
"2024-10-25",ㅁㄴㅇㄹ
"2024-10-25",""
"2024-10-25",""
"2024-10-25",ㅇㄻ
"2024-10-25",ㄻㅇㄹ
"2024-10-25",ㄹㄹ
"2024-10-25",ㄹㄹ
"2024-10-25",ㅜㅜ
"2024-10-25",ㅇㄻㅇㄹ
"2024-10-25",""
"2024-10-25",ㅇㄹ
"2024-10-25",ㅇㄹ
"2024-10-25",ㄹㄹ
"2024-10-25",ㄹㄹ
"2024-10-25",asdlfkja
"2024-10-25",이제 가자 집에
"2024-10-25",살려주세요
