,Unnamed: 0,태그,링크
0,0,해외,https://www.instagram.com/p/Chgk9zbBk5w/
1,1,해외,https://www.instagram.com/p/C-QC7C5SM7U/
2,2,해외,https://www.instagram.com/p/DBNgts5h9Zs/
3,3,해외,https://www.instagram.com/p/C8BWSVxMNqU/
4,4,해외,https://www.instagram.com/p/C9bx4g4zf_u/
5,5,해외,https://www.instagram.com/p/C-o5cw_SJbZ/
6,6,해외,https://www.instagram.com/p/C7boYjAMzQ7/
7,7,해외,https://www.instagram.com/p/C4CKbZxhNWt/
8,8,해외,https://www.instagram.com/p/B54cUIWnIcK/
9,9,해외,https://www.instagram.com/p/DA2fwHPSaSL/
10,10,해외,https://www.instagram.com/p/C4FXuciSejG/
11,11,해외,https://www.instagram.com/p/C_0NglEyRtL/
12,12,해외,https://www.instagram.com/p/C8jMp0SPRYD/
13,13,해외,https://www.instagram.com/p/C8CFnx0PBXA/
14,14,해외,https://www.instagram.com/p/C9jsp7DyuWX/
15,15,해외,https://www.instagram.com/p/DBIE4T6SdA3/
16,16,해외,https://www.instagram.com/p/C4FmKSxiBvA/
17,17,해외,https://www.instagram.com/p/C-2mpnlBOMK/
36,36,해외,https://www.instagram.com/p/C-4vK9uSizJ/
37,37,해외,https://www.instagram.com/p/DBjOmVaSjy-/
38,38,해외,https://www.instagram.com/p/DBK4R-gSL7W/
39,39,해외,https://www.instagram.com/p/DAumlH6SEoj/
40,40,해외,https://www.instagram.com/p/C_7RGq5SVDN/
41,41,해외,https://www.instagram.com/p/C_AHiPCTuzF/
42,42,해외,https://www.instagram.com/p/DBTcxqozrIM/
43,43,해외,https://www.instagram.com/p/C_E68WNSh_H/
44,44,해외,https://www.instagram.com/p/C3BoQpHudEG/
45,45,해외,https://www.instagram.com/p/DBlaXcjTi1E/
46,46,해외,https://www.instagram.com/p/C4nVdZ3JmGg/
47,47,해외,https://www.instagram.com/p/Czko6dESHfr/
48,48,해외,https://www.instagram.com/p/C_LVwI4yqbx/
49,49,해외,https://www.instagram.com/p/C_KFK5_zJVo/
50,50,해외,https://www.instagram.com/p/CX5cJnrvTcb/
51,51,해외,https://www.instagram.com/p/DAQPzDEyxBR/
52,52,해외,https://www.instagram.com/p/C-E51YCyFWt/
53,53,해외,https://www.instagram.com/p/C-MPuU0IvO5/
54,54,해외,https://www.instagram.com/p/C-DTRN0NBAu/
55,55,해외,https://www.instagram.com/p/DAA_SxxTMen/
56,56,해외,https://www.instagram.com/p/CbRSNf_h70A/
57,57,해외,https://www.instagram.com/p/CzQf5PktWRw/
58,58,해외,https://www.instagram.com/p/DAAG5MoSbEq/
59,59,해외,https://www.instagram.com/p/DBdlNnWiNHs/
87,87,해외,https://www.instagram.com/p/DBlrO2NTacF/
88,88,해외,https://www.instagram.com/p/C_GIo0RyqmO/
89,89,해외,https://www.instagram.com/p/DBEJ1IHSRSd/
90,90,해외,https://www.instagram.com/p/DAM-UzIyABK/
91,91,해외,https://www.instagram.com/p/C-8Cb0nzzEr/
92,92,해외,https://www.instagram.com/p/DBbWPfSvOtz/
93,93,해외,https://www.instagram.com/p/DBNYEpoPRLa/
94,94,해외,https://www.instagram.com/p/DA7oLmWydy_/
95,95,해외,https://www.instagram.com/p/DBbb9soSqXC/
96,96,해외,https://www.instagram.com/p/DBYraUUvTsL/
97,97,해외,https://www.instagram.com/p/C_7n2aDy6Sv/
98,98,해외,https://www.instagram.com/p/C_7QeTTSUum/
99,99,해외,https://www.instagram.com/p/DBI8sP1Iei5/
100,100,해외,https://www.instagram.com/p/C_2_QJ9SMJJ/
101,101,해외,https://www.instagram.com/p/C-H6GGoyfMS/
102,102,해외,https://www.instagram.com/p/ClzuxCphfvP/
103,103,해외,https://www.instagram.com/p/DBntpXIpDp9/
104,104,해외,https://www.instagram.com/p/C-KFFdbyRAk/
105,105,해외,https://www.instagram.com/p/C_nGeMlBfQZ/
106,106,해외,https://www.instagram.com/p/C-QNRxNy1X6/
107,107,해외,https://www.instagram.com/p/C_miIX7SXpM/
108,108,해외,https://www.instagram.com/p/DBny0DhKh25/
109,109,해외,https://www.instagram.com/p/DBgf5rGC5qV/
110,110,해외,https://www.instagram.com/p/CwOvFBltYbH/
